Employee Name,Donor Full Name,Donor Number,Call Begin DateTime,Call Duration (s),Credit,Cash,Venmo
Galvin,Colorado Morris,77458,2023-07-23 08:00:00,126,,81,
Galvin,Nolan Robertson,77905,2023-07-23 08:06:06,121,,,48
Galvin,Jane Hood,63185,2023-07-23 08:11:07,59,,,
Galvin,Lois Miranda,64185,2023-07-23 08:15:06,253,,,78
Galvin,Nero Washington,77180,2023-07-23 08:20:19,198,,,176
Galvin,Hiram Glover,78475,2023-07-23 08:25:37,83,,,
Galvin,Halee Rosa,73775,2023-07-23 08:30:00,154,,169,
Galvin,Cora Andrews,60584,2023-07-23 08:36:34,174,,112,
Galvin,Amena Cantrell,70089,2023-07-23 08:42:28,24,,,
Galvin,Francis Stuart,61635,2023-07-23 08:44:52,187,197,,
Galvin,James Bradley,64334,2023-07-23 08:50:59,57,,,
Galvin,Phillip Joyner,77843,2023-07-23 08:53:56,49,,,
Galvin,Blake Benjamin,79098,2023-07-23 08:55:45,217,,,85
Galvin,Jonah Rose,72541,2023-07-23 09:00:22,187,,59,
Galvin,Dennis Rodriquez,74401,2023-07-23 09:07:29,128,,,37
Galvin,Ahmed Haney,68087,2023-07-23 09:10:37,141,,,149
Galvin,Gareth Clarke,68162,2023-07-23 09:13:58,149,99,,
Galvin,Harding Forbes,76797,2023-07-23 09:20:27,269,,,117
Galvin,Elijah Taylor,66256,2023-07-23 09:27:56,151,,,101
Galvin,Lana Solis,63065,2023-07-23 09:33:27,35,,,
Galvin,Eric Lucas,60386,2023-07-23 09:35:02,212,,134,
Galvin,Cleo Cross,72818,2023-07-23 09:42:34,19,,,
Galvin,Bruno Waters,69796,2023-07-23 09:43:53,81,,,
Galvin,Oliver Duncan,75848,2023-07-23 09:48:14,149,139,,
Galvin,Mohammad Wiggins,75839,2023-07-23 09:53:43,277,,,115
Galvin,Yoshio Castillo,77295,2023-07-23 09:59:20,179,41,,
Galvin,Megan Gilmore,68260,2023-07-23 10:05:19,298,,137,
Galvin,Gavin Eaton,72011,2023-07-23 10:12:17,143,,103,
Galvin,Samuel Henderson,75413,2023-07-23 10:15:40,198,,,161
Galvin,Keefe Ballard,73681,2023-07-23 10:21:58,225,,111,
Galvin,Burton Hess,71721,2023-07-23 10:28:43,298,196,,
Galvin,Macaulay Vance,67726,2023-07-23 10:35:41,196,,193,
Galvin,Rebecca Calhoun,71695,2023-07-23 10:41:57,143,,194,
Galvin,Hayden Andrews,77330,2023-07-23 10:45:20,152,,134,
Galvin,Darrel Barr,64172,2023-07-23 10:50:52,278,104,,
Galvin,Phillip Stanton,76099,2023-07-23 10:57:30,247,,48,
Galvin,Shea Sheppard,74719,2023-07-23 11:05:37,64,,,
Galvin,Keane Davenport,71668,2023-07-23 11:10:41,84,,,
Galvin,Doris Sellers,69387,2023-07-23 11:16:05,285,125,,
Galvin,Bruce Ewing,66698,2023-07-23 11:23:50,52,,,
Galvin,Quamar Dalton,78365,2023-07-23 11:27:42,28,,,
Galvin,Thane Roth,72320,2023-07-23 11:29:10,106,,169,
Galvin,Geoffrey Gilbert,64920,2023-07-23 11:33:56,132,,,61
Galvin,Maisie Small,64616,2023-07-23 11:37:08,192,146,,
Galvin,Wang Finch,62368,2023-07-23 11:43:20,140,,,159
Galvin,Omar Erickson,67049,2023-07-23 11:47:40,120,71,,
Galvin,Rebekah Garza,64324,2023-07-23 11:52:40,188,,45,
Galvin,Hanna Howard,64245,2023-07-23 11:58:48,264,,173,
Galvin,Hannah Dillard,62718,2023-07-23 12:04:12,235,,,144
Galvin,Gillian Levy,65585,2023-07-23 12:10:07,156,,81,
Galvin,Heidi Kramer,62711,2023-07-23 12:13:43,70,,,
Galvin,Imogene Norman,66530,2023-07-23 12:18:53,77,,,
Galvin,Alden Lara,66897,2023-07-23 12:23:10,160,,80,
Galvin,Amal Carroll,64591,2023-07-23 12:27:50,154,,125,
Galvin,Brent Klein,77258,2023-07-23 12:31:24,287,,,26
Galvin,Maxine Rivers,76011,2023-07-23 12:38:11,289,159,,
Galvin,Inez Chang,78504,2023-07-23 12:47:00,203,,159,
Galvin,Ray Macdonald,60130,2023-07-23 12:53:23,241,,,86
Galvin,Joelle Rosales,78232,2023-07-23 12:59:24,202,115,,
Galvin,Quon Blanchard,67761,2023-07-23 13:04:46,38,,,
Galvin,Chaim Gross,66745,2023-07-23 13:09:24,274,,179,
Galvin,Clare Rivera,74361,2023-07-23 13:14:58,71,,,
Galvin,Martin Boyle,62359,2023-07-23 13:19:09,153,131,,
Galvin,Regan Dunn,73416,2023-07-23 13:23:42,80,,,
Galvin,Cullen Perez,62335,2023-07-23 13:26:02,44,,,
Galvin,Uma Thornton,68517,2023-07-23 13:27:46,225,,,85
Galvin,Hiram Hansen,70098,2023-07-23 13:34:31,86,,,
Galvin,Mona Carney,61850,2023-07-23 13:38:57,172,,,64
Galvin,Xenos Dunlap,60286,2023-07-23 13:42:49,172,,,65
Galvin,Vladimir Barnett,79786,2023-07-23 13:46:41,66,,,
Galvin,Illana Meyer,69520,2023-07-23 13:49:47,246,,,57
Galvin,Galvin Humphrey,61237,2023-07-23 13:57:53,300,,133,
Galvin,Galvin Burgess,65318,2023-07-23 14:03:53,192,,45,
Galvin,Carl Bird,68909,2023-07-23 14:08:05,219,,152,
Galvin,Kyle Estes,77953,2023-07-23 14:13:44,253,,112,
Galvin,Ahmed Bowen,62136,2023-07-23 14:20:57,199,,148,
Galvin,Naida Gill,74364,2023-07-23 14:25:16,195,32,,
Galvin,Sybill Rutledge,73878,2023-07-23 14:30:31,269,,,35
Galvin,Xantha Bowers,68013,2023-07-23 14:38:00,250,,105,
Galvin,Alma Day,77945,2023-07-23 14:46:10,186,84,,
Galvin,Finn Pittman,72301,2023-07-23 14:53:16,174,,132,
Galvin,Porter Lindsay,76527,2023-07-23 14:57:10,237,,,93
Galvin,Griffith Shields,68131,2023-07-23 15:02:07,275,,,33
Galvin,Gretchen Spence,64902,2023-07-23 15:10:42,17,,,
Galvin,Alika Martin,63887,2023-07-23 15:12:59,15,,,
Galvin,Lydia Woods,63181,2023-07-23 15:15:14,241,195,,
Galvin,Aquila Rutledge,75855,2023-07-23 15:20:15,79,,,
Galvin,Kitra Mccoy,73667,2023-07-23 15:22:34,168,100,,
Galvin,Leo Shepard,78264,2023-07-23 15:28:22,189,,46,
Galvin,Ruth Hurley,68835,2023-07-23 15:33:31,48,,,
Galvin,Gannon Hester,65449,2023-07-23 15:37:19,163,,142,
Galvin,Kelsie Preston,66911,2023-07-23 15:44:02,117,,52,
Galvin,Aline Snow,79425,2023-07-23 15:49:59,19,,,
Galvin,Callie Gonzales,65271,2023-07-23 15:51:18,64,,,
Galvin,Carla Nielsen,71144,2023-07-24 07:55:22,43,,,
Galvin,Yvonne Melendez,66938,2023-07-24 08:00:05,184,,103,
Galvin,Lani Dillard,70851,2023-07-24 08:06:09,216,,160,
Galvin,Damon Kirk,66707,2023-07-24 08:13:45,102,,,
Galvin,Raven Gibson,60345,2023-07-24 08:16:27,42,,,
Galvin,Xantha Terrell,77878,2023-07-24 08:20:09,206,,162,
Galvin,Jelani Bass,64410,2023-07-24 08:25:35,242,,165,
Galvin,Patricia Young,76997,2023-07-24 08:32:37,69,,,
Galvin,Lane Valenzuela,79628,2023-07-24 08:36:46,258,,44,
Galvin,Kirestin Sharpe,69727,2023-07-24 08:43:04,60,,,
Galvin,Theodore Livingston,77675,2023-07-24 08:46:04,50,,,
Galvin,Damon Hubbard,68947,2023-07-24 08:47:54,136,,31,
Galvin,Thor Rojas,78974,2023-07-24 08:51:10,176,88,,
Galvin,Giacomo Haynes,70272,2023-07-24 08:57:06,276,43,,
Galvin,Bruno Jones,76866,2023-07-24 09:02:42,262,,32,
Galvin,Jasmine Hogan,73674,2023-07-24 09:11:04,21,,,
Galvin,Dexter Cash,70403,2023-07-24 09:12:25,201,,,104
Galvin,Sonya Franks,72697,2023-07-24 09:17:46,152,93,,
Galvin,Forrest Murray,73534,2023-07-24 09:21:18,113,,131,
Galvin,Jordan Macdonald,64097,2023-07-24 09:25:11,243,163,,
Galvin,David Aguirre,68193,2023-07-24 09:33:14,44,,,
Galvin,Allen Higgins,65799,2023-07-24 09:36:58,25,,,
Galvin,Odessa Hurst,67536,2023-07-24 09:39:23,20,,,
Galvin,Felix Silva,68541,2023-07-24 09:41:43,158,62,,
Galvin,Kelsie Burt,72203,2023-07-24 09:45:21,191,,,120
Galvin,Steel Graham,64825,2023-07-24 09:50:32,273,,,99
Galvin,Jada Morgan,72064,2023-07-24 09:56:05,202,,,64
Galvin,Cynthia Burton,62627,2023-07-24 10:01:27,200,,,26
Galvin,Felix Carver,73251,2023-07-24 10:06:47,221,,,62
Galvin,Alyssa Barr,62431,2023-07-24 10:11:28,185,,,67
Galvin,Harper Alston,72941,2023-07-24 10:18:33,18,,,
Galvin,Sawyer Gilliam,66420,2023-07-24 10:19:51,160,,,53
Galvin,Valentine Townsend,62330,2023-07-24 10:25:31,43,,,
Galvin,Basil Bean,61561,2023-07-24 10:29:14,261,,,68
Galvin,Ramona Luna,72820,2023-07-24 10:35:35,286,,68,
Galvin,Urielle Mayo,74420,2023-07-24 10:41:21,181,,68,
Galvin,Tucker Vincent,70823,2023-07-24 10:46:22,77,,,
Galvin,Serina Buckner,77310,2023-07-24 10:49:39,69,,,
Galvin,Orson Wall,62332,2023-07-24 10:53:48,296,153,,
Galvin,Bruce Rios,64995,2023-07-24 10:59:44,51,,,
Galvin,Wyatt Calderon,71715,2023-07-24 11:02:35,127,165,,
Galvin,Macy Randolph,74339,2023-07-24 11:06:42,163,,164,
Galvin,Ivana Ramsey,66453,2023-07-24 11:10:25,28,,,
Galvin,Azalia Zamora,69711,2023-07-24 11:11:53,155,,60,
Galvin,Halla Ingram,77520,2023-07-24 11:16:28,213,,113,
Galvin,Quinlan Carroll,73121,2023-07-24 11:22:01,131,,180,
Galvin,Jelani Alston,76205,2023-07-24 11:28:12,174,51,,
Galvin,Rebecca Downs,79133,2023-07-24 11:34:06,120,,,89
Galvin,Yen Kent,73787,2023-07-24 11:38:06,279,58,,
Galvin,Raja Howell,70166,2023-07-24 11:45:45,211,70,,
Galvin,Desirae Levy,63691,2023-07-24 11:52:16,237,,83,
Galvin,Dante Ryan,74650,2023-07-24 12:00:13,259,67,,
Galvin,September Ballard,78499,2023-07-24 12:08:32,118,,,81
Galvin,Urielle Rodriquez,73502,2023-07-24 12:13:30,274,,83,
Galvin,Anthony Osborn,76341,2023-07-24 12:19:04,238,90,,
Galvin,Virginia Santos,60522,2023-07-24 12:24:02,268,35,,
Galvin,Michelle Tran,62347,2023-07-24 12:31:30,264,142,,
Galvin,Eaton Gillespie,62293,2023-07-24 12:38:54,297,,130,
Galvin,Price Rocha,72148,2023-07-24 12:47:51,83,,,
Galvin,Logan Gallagher,75506,2023-07-24 12:50:14,123,,,153
Galvin,Jescie Hensley,66414,2023-07-24 12:55:17,230,,188,
Galvin,Benedict Alvarez,77809,2023-07-24 13:03:07,224,154,,
Galvin,Cody Blevins,79975,2023-07-24 13:07:51,83,,,
Galvin,Kennedy Pate,67706,2023-07-24 13:13:14,147,90,,
Galvin,Tashya Justice,71623,2023-07-24 13:17:41,66,,,
Galvin,Abel Mcintyre,69389,2023-07-24 13:20:47,155,,,161
Galvin,Beverly Burnett,75556,2023-07-24 13:26:22,64,,,
Galvin,Gail Graham,73636,2023-07-24 13:30:26,137,,,40
Galvin,Mikayla Hines,68328,2023-07-24 13:36:43,157,102,,
Galvin,Nomlanga Snyder,68646,2023-07-24 13:40:20,259,198,,
Galvin,Matthew Lang,74610,2023-07-24 13:48:39,156,,,83
Galvin,Emery Hays,70815,2023-07-24 13:55:15,39,,,
Galvin,Joshua Yang,72472,2023-07-24 13:56:54,219,,193,
Galvin,Fulton Wolf,75083,2023-07-24 14:01:33,153,,,112
Galvin,Stewart Colon,74282,2023-07-24 14:08:06,135,194,,
Galvin,Gillian Shaw,63834,2023-07-24 14:14:21,158,,44,
Galvin,Lana Garcia,71009,2023-07-24 14:20:59,152,,,46
Galvin,Aquila Klein,68634,2023-07-24 14:26:31,168,,,118
Galvin,Violet Curry,64755,2023-07-24 14:33:19,117,,130,
Galvin,Lara Burgess,63745,2023-07-24 14:38:16,66,,,
Galvin,Nyssa Stout,75431,2023-07-24 14:40:22,194,,114,
Galvin,Cooper Caldwell,65358,2023-07-24 14:47:36,89,,,
Galvin,Yolanda Hardy,67494,2023-07-24 14:53:05,82,,,
Galvin,Malcolm Osborne,65371,2023-07-24 14:58:27,194,141,,
Galvin,Avye Hester,75240,2023-07-24 15:02:41,296,,113,
Galvin,Imogene Hamilton,76951,2023-07-24 15:10:37,209,,36,
Galvin,Charles White,65446,2023-07-24 15:15:06,116,120,,
Galvin,Laith Baker,74440,2023-07-24 15:19:02,191,,95,
Galvin,Noble Allen,63895,2023-07-24 15:23:13,17,,,
Galvin,Erin Erickson,78746,2023-07-24 15:27:30,222,,,109
Galvin,Benjamin Conway,71689,2023-07-24 15:33:12,131,,81,
Galvin,Rashad Maldonado,64631,2023-07-24 15:39:23,296,,88,
Galvin,Britanni York,72624,2023-07-24 15:47:19,134,,165,
Galvin,Sopoline Scott,71965,2023-07-24 15:51:33,205,47,,
Galvin,Elton Roy,79127,2023-07-25 07:55:58,220,116,,
Galvin,Lesley Merritt,70028,2023-07-25 08:03:38,249,95,,
Galvin,Nasim Aguirre,62472,2023-07-25 08:10:47,260,,,104
Galvin,Rana Casey,61863,2023-07-25 08:17:07,254,,168,
Galvin,Genevieve Peterson,79220,2023-07-25 08:23:21,227,77,,
Galvin,Phoebe Boyle,64906,2023-07-25 08:28:08,224,,78,
Galvin,Ella Donaldson,64957,2023-07-25 08:32:52,207,,56,
Galvin,Hope Fleming,66424,2023-07-25 08:40:19,190,,,171
Galvin,Brianna Shelton,78961,2023-07-25 08:46:29,16,,,
Galvin,Celeste Gomez,75383,2023-07-25 08:49:45,106,,152,
Galvin,Chester Wallace,70497,2023-07-25 08:55:31,127,,127,
Galvin,Hop Bell,63048,2023-07-25 08:58:38,270,,193,
Galvin,Zenaida Adams,61274,2023-07-25 09:05:08,138,,66,
Galvin,Amanda Norris,74904,2023-07-25 09:10:26,214,,,141
Galvin,Paki Barber,64676,2023-07-25 09:17:00,299,,140,
Galvin,Shannon Boyle,74943,2023-07-25 09:22:59,277,132,,
Galvin,Abraham Mendez,61012,2023-07-25 09:30:36,28,,,
Galvin,Athena Dickson,60002,2023-07-25 09:33:04,184,,114,
Galvin,Salvador Shaffer,73863,2023-07-25 09:39:08,118,,,89
Galvin,Orlando Powers,76495,2023-07-25 09:43:06,79,,,
Galvin,Leslie Ortiz,74589,2023-07-25 09:46:25,241,,65,
Galvin,Lisandra Good,60311,2023-07-25 09:51:26,49,,,
Galvin,Dai Cooper,77789,2023-07-25 09:54:15,66,,,
Galvin,Thor Avery,67083,2023-07-25 09:57:21,160,,59,
Galvin,Burke Todd,78614,2023-07-25 10:01:01,185,119,,
Galvin,Zachery Mcneil,61470,2023-07-25 10:07:06,15,,,
Galvin,Laith Cote,63300,2023-07-25 10:08:21,290,,,83
Galvin,Carlos Mclaughlin,68825,2023-07-25 10:16:11,151,85,,
Galvin,Dillon Hardy,64456,2023-07-25 10:22:42,209,,77,
Galvin,Scarlett Holmes,61591,2023-07-25 10:29:11,169,,47,
Galvin,Duncan Wilkinson,77711,2023-07-25 10:36:00,42,,,
Galvin,Boris Vega,67310,2023-07-25 10:38:42,264,,,65
Galvin,Noelani Mccormick,70478,2023-07-25 10:44:06,205,,,83
Galvin,Hedda Horne,62770,2023-07-25 10:48:31,171,,155,
Galvin,Lyle Shannon,67066,2023-07-25 10:55:22,198,,95,
Galvin,Carla Newman,71155,2023-07-25 10:59:40,218,,39,
Galvin,Damon Sweeney,61007,2023-07-25 11:06:18,22,,,
Galvin,Aphrodite Jacobs,72123,2023-07-25 11:10:40,176,,,163
Galvin,Baker Key,66526,2023-07-25 11:14:36,160,,50,
Galvin,Lars Holt,74733,2023-07-25 11:20:16,280,,,48
Galvin,Lillian Stout,77414,2023-07-25 11:28:56,80,,,
Galvin,Fay Duffy,70391,2023-07-25 11:34:16,160,,57,
Galvin,Norman Johnson,79970,2023-07-25 11:40:56,103,,,
Galvin,Sheila Matthews,73235,2023-07-25 11:44:39,19,,,
Galvin,Harding Eaton,72595,2023-07-25 11:47:58,111,107,,
Galvin,Deborah Reilly,74275,2023-07-25 11:51:49,261,170,,
Galvin,Timon Summers,60033,2023-07-25 11:57:10,288,,195,
Galvin,Rashad Frazier,62090,2023-07-25 12:02:58,224,,,114
Galvin,Scott Mills,60574,2023-07-25 12:10:42,289,,89,
Galvin,Fletcher Larsen,70565,2023-07-25 12:19:31,251,,166,
Galvin,Yasir Gates,64631,2023-07-25 12:27:42,219,,,71
Galvin,Alika Ellis,78932,2023-07-25 12:32:21,162,,28,
Galvin,Steven Nixon,63418,2023-07-25 12:37:03,171,,55,
Galvin,Rhiannon Schultz,79488,2023-07-25 12:43:54,249,,118,
Galvin,Holmes Phelps,67168,2023-07-25 12:51:03,288,,123,
Galvin,Lane Tucker,69720,2023-07-25 12:58:51,237,,32,
Galvin,Ria Brooks,79899,2023-07-25 13:06:48,245,,181,
Galvin,Travis Higgins,79398,2023-07-25 13:13:53,76,,,
Galvin,Veda Leon,73200,2023-07-25 13:19:09,227,,140,
Galvin,Ross Beasley,78913,2023-07-25 13:23:56,284,164,,
Galvin,Kiayada Wade,73713,2023-07-25 13:29:40,210,,,97
Galvin,Hanna Anthony,70765,2023-07-25 13:34:10,27,,,
Galvin,Astra Sweeney,75284,2023-07-25 13:37:37,249,,,171
Galvin,Troy Strickland,79456,2023-07-25 13:44:46,119,115,,
Galvin,Larissa Clark,66864,2023-07-25 13:48:45,225,,,131
Galvin,Christen Terry,77639,2023-07-25 13:56:30,116,,,165
Galvin,Randall Delaney,66934,2023-07-25 13:59:26,89,,,
Galvin,Clark Mccray,74181,2023-07-25 14:01:55,119,,,95
Galvin,Hanna Townsend,79047,2023-07-25 14:04:54,269,117,,
Galvin,Madeline Wade,78949,2023-07-25 14:13:23,62,,,
Galvin,Eric Rogers,70870,2023-07-25 14:16:25,51,,,
Galvin,Hyatt Sutton,60206,2023-07-25 14:19:16,181,,77,
Galvin,Susan Coleman,76183,2023-07-25 14:23:17,137,,165,
Galvin,Justine Rodgers,68773,2023-07-25 14:28:34,249,26,,
Galvin,Abbot Lynch,64543,2023-07-25 14:34:43,132,,164,
Galvin,Jessamine Talley,66709,2023-07-25 14:37:55,149,,28,
Galvin,Dante Freeman,75764,2023-07-25 14:44:24,198,139,,
Galvin,Mason Lambert,67186,2023-07-25 14:49:42,63,,,
Galvin,Chaim Wood,76367,2023-07-25 14:53:45,296,,46,
Galvin,Emery O'donnell,60432,2023-07-25 14:59:41,33,,,
Galvin,Gretchen Melendez,79237,2023-07-25 15:02:14,214,,,77
Galvin,Cyrus Mcfarland,72282,2023-07-25 15:06:48,94,,,
Galvin,Patience Roberson,67166,2023-07-25 15:09:22,246,,114,
Galvin,Colt Singleton,74043,2023-07-25 15:14:28,181,,188,
Galvin,Raymond Bolton,68778,2023-07-25 15:18:29,299,99,,
Galvin,Kirestin Page,66685,2023-07-25 15:26:28,177,,63,
Galvin,Cole Mitchell,60262,2023-07-25 15:30:25,203,,75,
Galvin,Russell Craig,71107,2023-07-25 15:36:48,200,,,80
Galvin,Rinah Mckay,79950,2023-07-25 15:42:08,252,,102,
Galvin,Kibo Nunez,64770,2023-07-25 15:49:20,281,,51,
Galvin,Tiger Phelps,77617,2023-07-25 15:55:01,93,,,
Galvin,Kameko Petty,72693,2023-07-26 07:59:34,40,,,
Galvin,Kevyn Mcleod,67903,2023-07-26 08:03:14,165,,,131
Galvin,Carter Avery,67148,2023-07-26 08:06:59,145,,125,
Galvin,Kylan Gay,62412,2023-07-26 08:13:24,131,80,,
Galvin,Joan Knowles,74889,2023-07-26 08:19:35,45,,,
Galvin,Kim Puckett,63596,2023-07-26 08:21:20,296,,,62
Galvin,Kiayada Jennings,72190,2023-07-26 08:29:16,59,,,
Galvin,Garrett Hurley,77078,2023-07-26 08:33:15,81,,,
Galvin,Urielle Alvarado,69847,2023-07-26 08:38:36,263,,134,
Galvin,Hu Perry,66668,2023-07-26 08:44:59,82,,,
Galvin,Marshall Bender,68624,2023-07-26 08:49:21,260,97,,
Galvin,Harper Graham,76944,2023-07-26 08:55:41,155,,43,
Galvin,Francis Nash,61207,2023-07-26 09:02:16,168,,,130
Galvin,Jameson Ratliff,64648,2023-07-26 09:08:04,73,,,
Galvin,Lynn Mcclain,75956,2023-07-26 09:11:17,214,,,123
Galvin,Oscar Hutchinson,72031,2023-07-26 09:16:51,96,,,
Galvin,Donna Horton,68774,2023-07-26 09:22:27,173,,,133
Galvin,Steel Meyers,70155,2023-07-26 09:26:20,87,,,
Galvin,Herrod Key,69269,2023-07-26 09:30:47,32,,,
Galvin,Jessamine Stone,74575,2023-07-26 09:32:19,48,,,
Galvin,Zane Mendez,75360,2023-07-26 09:37:07,211,,,35
Galvin,Marshall Wilkerson,73634,2023-07-26 09:44:38,109,,58,
Galvin,Leigh Thomas,78771,2023-07-26 09:47:27,42,,,
Galvin,Noah Stokes,64184,2023-07-26 09:51:09,146,,46,
Galvin,Tucker Murray,73949,2023-07-26 09:57:35,282,,,79
Galvin,Laura Bowen,67739,2023-07-26 10:04:17,127,,93,
Galvin,Armando Brock,73640,2023-07-26 10:09:24,88,,,
Galvin,Neil Mathews,78704,2023-07-26 10:13:52,104,,,
Galvin,Ezra Rasmussen,74868,2023-07-26 10:18:36,198,,68,
Galvin,Audrey Reeves,76977,2023-07-26 10:22:54,229,,160,
Galvin,Kaseem Witt,60196,2023-07-26 10:29:43,236,,181,
Galvin,Phelan Sutton,66625,2023-07-26 10:35:39,241,,72,
Galvin,Latifah Scott,62558,2023-07-26 10:41:40,92,,,
Galvin,Omar Davidson,69611,2023-07-26 10:44:12,257,,158,
Galvin,Audrey Mcmahon,67130,2023-07-26 10:52:29,284,,198,
Galvin,Francis Banks,77287,2023-07-26 10:59:13,191,134,,
Galvin,Arsenio Suarez,74256,2023-07-26 11:05:24,130,,,143
Galvin,Naida Pruitt,76897,2023-07-26 11:10:34,245,,91,
Galvin,Carl Crane,72555,2023-07-26 11:17:39,49,,,
Galvin,Alexis Haynes,64409,2023-07-26 11:22:28,34,,,
Galvin,Ralph Skinner,72261,2023-07-26 11:27:02,56,,,
Galvin,Maggie May,77153,2023-07-26 11:30:58,94,,,
Galvin,Rigel Myers,62923,2023-07-26 11:35:32,127,,171,
Galvin,Jelani Lowe,73338,2023-07-26 11:40:39,20,,,
Galvin,Kirsten Rivers,70389,2023-07-26 11:44:59,161,,,51
Galvin,Roth Rich,75764,2023-07-26 11:49:40,294,,138,
Galvin,Tate Wooten,73413,2023-07-26 11:57:34,153,143,,
Galvin,Merritt Hood,63849,2023-07-26 12:04:07,46,,,
Galvin,Kadeem Newman,63084,2023-07-26 12:07:53,257,140,,
Galvin,Miriam Petty,63533,2023-07-26 12:15:10,240,200,,
Galvin,Roth Beasley,67416,2023-07-26 12:23:10,62,,,
Galvin,Colby David,76315,2023-07-26 12:26:12,41,,,
Galvin,Reese Willis,71045,2023-07-26 12:27:53,246,44,,
Galvin,Hannah Pitts,74173,2023-07-26 12:34:59,163,,,101
Galvin,Beau Lyons,65908,2023-07-26 12:38:42,92,,,
Galvin,Amal Gentry,73356,2023-07-26 12:43:14,239,56,,
Galvin,Naomi Robles,75675,2023-07-26 12:48:13,148,,26,
Galvin,Solomon Murphy,71875,2023-07-26 12:52:41,222,,167,
Galvin,Donna Fitzpatrick,79648,2023-07-26 12:57:23,166,,65,
Galvin,Vanna Garrett,60959,2023-07-26 13:03:09,23,,,
Galvin,Forrest Berry,76765,2023-07-26 13:07:32,203,,51,
Galvin,Sheila Crosby,75032,2023-07-26 13:11:55,214,,156,
Galvin,Tanisha Dunlap,62408,2023-07-26 13:18:29,191,,,178
Galvin,Cara Finley,79705,2023-07-26 13:23:40,186,,,155
Galvin,Vernon Jackson,64601,2023-07-26 13:29:46,106,35,,
Galvin,Devin Parrish,65352,2023-07-26 13:35:32,104,,,
Galvin,Courtney Christian,67165,2023-07-26 13:38:16,44,,,
Galvin,Carol Sullivan,70527,2023-07-26 13:40:00,145,83,,
Galvin,Ezekiel Ramos,74980,2023-07-26 13:45:25,121,,125,
Galvin,Rogan Shannon,72169,2023-07-26 13:50:26,253,,68,
Galvin,Phyllis Zamora,78029,2023-07-26 13:56:39,258,,,46
Galvin,Kibo Wyatt,64933,2023-07-26 14:02:57,126,,122,
Galvin,September Trevino,71256,2023-07-26 14:08:03,225,,157,
Wynter,Ora Durham,67489,2023-07-23 08:00:00,171,,72,
Wynter,Jena Bradshaw,61197,2023-07-23 08:03:51,116,,39,
Wynter,Halee Brown,79550,2023-07-23 08:08:47,61,,,
Wynter,Cairo Drake,79982,2023-07-23 08:12:48,21,,,
Wynter,Nash Mullen,77771,2023-07-23 08:17:09,59,,,
Wynter,Peter Blair,76832,2023-07-23 08:22:08,60,,,
Wynter,Beverly Gates,64378,2023-07-23 08:27:08,141,,35,
Wynter,Hector Mcdonald,76709,2023-07-23 08:30:29,153,,,172
Wynter,Charles Neal,66327,2023-07-23 08:35:02,46,,,
Wynter,Graiden Greene,65149,2023-07-23 08:39:48,152,,128,
Wynter,Grady Castro,78386,2023-07-23 08:46:20,243,,,114
Wynter,Aiko Blair,66800,2023-07-23 08:53:23,177,,166,
Wynter,Risa Reeves,71271,2023-07-23 08:57:20,242,,141,
Wynter,Mechelle Little,64013,2023-07-23 09:04:22,191,69,,
Wynter,Ria Henderson,72403,2023-07-23 09:10:33,210,,164,
Wynter,Giacomo Fischer,73080,2023-07-23 09:16:03,55,,,
Wynter,August Mcneil,72414,2023-07-23 09:17:58,225,,148,
Wynter,Alfreda Mckenzie,61776,2023-07-23 09:22:43,167,,181,
Wynter,Rogan Beasley,70832,2023-07-23 09:28:30,243,,164,
Wynter,Deirdre Bryant,62783,2023-07-23 09:36:33,267,,84,
Wynter,Zephania Glass,72320,2023-07-23 09:44:00,295,,36,
Wynter,Remedios Carrillo,71846,2023-07-23 09:50:55,54,,,
Wynter,Fletcher Norton,60467,2023-07-23 09:55:49,27,,,
Wynter,Omar Moody,65837,2023-07-23 09:59:16,71,,,
Wynter,Irene Smith,75703,2023-07-23 10:01:27,211,132,,
Wynter,Dexter Fisher,65208,2023-07-23 10:05:58,297,,,165
Wynter,Allistair Wilder,66460,2023-07-23 10:11:55,32,,,
Wynter,Rajah Frazier,65322,2023-07-23 10:16:27,38,,,
Wynter,Nina Farmer,75967,2023-07-23 10:19:05,149,165,,
Wynter,Theodore Stark,60399,2023-07-23 10:24:34,220,,62,
Wynter,Daphne Diaz,69301,2023-07-23 10:31:14,124,,,107
Wynter,Sylvester Goff,61717,2023-07-23 10:35:18,231,,107,
Wynter,Naida Myers,73219,2023-07-23 10:42:09,59,,,
Wynter,Zephr Rodriguez,62427,2023-07-23 10:44:08,79,,,
Wynter,Ian Holloway,62061,2023-07-23 10:46:27,122,,39,
Wynter,Avram Daniel,73246,2023-07-23 10:49:29,233,168,,
Wynter,Micah Greer,73874,2023-07-23 10:54:22,237,,50,
Wynter,Lani Jimenez,66364,2023-07-23 11:01:19,124,,40,
Wynter,Pearl Bean,70965,2023-07-23 11:05:23,36,,,
Wynter,Kevin Giles,66105,2023-07-23 11:07:59,37,,,
Wynter,Lacy Park,78292,2023-07-23 11:10:36,283,,,101
Wynter,Cathleen Hanson,65763,2023-07-23 11:18:19,142,,,199
Wynter,Hedda Workman,69262,2023-07-23 11:22:41,170,,109,
Wynter,Gage Hatfield,68370,2023-07-23 11:27:31,80,,,
Wynter,John Robinson,66626,2023-07-23 11:29:51,66,,,
Wynter,Deirdre Reeves,64814,2023-07-23 11:34:57,256,,,41
Wynter,Kalia Porter,70726,2023-07-23 11:42:13,196,,122,
Wynter,Lionel Edwards,62894,2023-07-23 11:47:29,200,,98,
Wynter,Kiara Mcdaniel,70359,2023-07-23 11:54:49,145,,138,
Wynter,Simon Robles,63375,2023-07-23 12:01:14,70,,,
Wynter,Gay Calderon,78364,2023-07-23 12:03:24,257,,46,
Wynter,Michael Fields,79451,2023-07-23 12:11:41,115,,66,
Wynter,Dominic White,79467,2023-07-23 12:15:36,258,,100,
Wynter,Clayton Davidson,75419,2023-07-23 12:22:54,160,,74,
Wynter,Orla Bridges,72922,2023-07-23 12:26:34,24,,,
Wynter,Mohammad Perry,74009,2023-07-23 12:27:58,91,,,
Wynter,Haviva Bowman,63131,2023-07-23 12:31:29,37,,,
Wynter,Lila Reed,62634,2023-07-23 12:33:06,125,,30,
Wynter,Nell Ayala,63006,2023-07-23 12:38:11,231,,,110
Wynter,Hanna Hicks,64217,2023-07-23 12:46:02,92,,,
Wynter,Ima Fitzgerald,74705,2023-07-23 12:50:34,67,,,
Wynter,Victoria Hansen,67425,2023-07-23 12:55:41,161,,,54
Wynter,Dean Gilliam,63543,2023-07-23 12:59:22,48,,,
Wynter,Quin Pickett,65439,2023-07-23 13:04:10,199,26,,
Wynter,Chanda Rocha,67181,2023-07-23 13:11:29,269,,48,
Wynter,Shad Pratt,70493,2023-07-23 13:17:58,221,,70,
Wynter,Ainsley Hansen,61515,2023-07-23 13:24:39,132,,108,
Wynter,Wallace Pruitt,69679,2023-07-23 13:27:51,193,,172,
Wynter,Lucian Anderson,69516,2023-07-23 13:32:04,118,,135,
Wynter,Sean Knox,62766,2023-07-23 13:36:02,159,,65,
Wynter,Ali Thomas,66460,2023-07-23 13:41:41,185,,91,
Wynter,Dane Huff,76620,2023-07-23 13:46:46,212,174,,
Wynter,Beatrice Dotson,67925,2023-07-23 13:54:18,269,,129,
Wynter,Zachary Nunez,74584,2023-07-23 13:59:47,218,50,,
Wynter,Ruth Wade,77651,2023-07-23 14:05:25,21,,,
Wynter,Mikayla Bradford,72626,2023-07-23 14:06:46,211,99,,
Wynter,Kylie Morris,75345,2023-07-23 14:11:17,273,,38,
Wynter,Diana Neal,66312,2023-07-23 14:17:50,215,,,76
Wynter,Stone Conley,62503,2023-07-23 14:24:25,144,,65,
Wynter,Ulric Kelley,64668,2023-07-23 14:27:49,145,,125,
Wynter,Pascale Rich,79810,2023-07-23 14:33:14,294,,102,
Wynter,Keaton Mueller,76376,2023-07-23 14:39:08,46,,,
Wynter,Kadeem Anthony,60425,2023-07-23 14:40:54,104,,,
Wynter,Ashely Logan,73681,2023-07-23 14:43:38,248,190,,
Wynter,Hadassah Stevenson,68482,2023-07-23 14:48:46,191,,,93
Wynter,Noel Sellers,76986,2023-07-23 14:54:57,170,,155,
Wynter,Holly Case,61069,2023-07-23 15:00:47,297,,,100
Wynter,Omar Holmes,69554,2023-07-23 15:06:44,138,,28,
Wynter,Sheila Alexander,72992,2023-07-23 15:13:02,39,,,
Wynter,Barry Pruitt,70173,2023-07-23 15:16:41,146,,73,
Wynter,Lillian Grant,60836,2023-07-23 15:21:07,144,159,,
Wynter,Daphne Rutledge,72407,2023-07-23 15:24:31,261,94,,
Wynter,Brent Cross,63238,2023-07-23 15:30:52,187,,152,
Wynter,Sylvester Bowen,72671,2023-07-23 15:34:59,91,,,
Wynter,Peter Hartman,61201,2023-07-23 15:39:30,181,166,,
Wynter,Jaquelyn Prince,61216,2023-07-23 15:43:31,159,,,107
Wynter,Jaime Garrison,72549,2023-07-23 15:50:10,227,183,,
Wynter,TaShya Orr,71854,2023-07-23 15:54:57,189,,151,
Wynter,Ivor Morrow,77031,2023-07-24 07:59:06,278,,100,
Wynter,Otto Potts,73474,2023-07-24 08:05:44,68,,,
Wynter,Rigel Short,77029,2023-07-24 08:08:52,252,114,,
Wynter,Lester Landry,60440,2023-07-24 08:16:04,211,132,,
Wynter,Keegan Chase,60742,2023-07-24 08:20:35,213,60,,
Wynter,Acton Fowler,76523,2023-07-24 08:27:08,222,,46,
Wynter,Ezra Velazquez,69039,2023-07-24 08:31:50,178,,58,
Wynter,Hashim Schroeder,66101,2023-07-24 08:38:48,93,,,
Wynter,Kelsey Guerrero,75508,2023-07-24 08:42:21,293,122,,
Wynter,Madeson Townsend,78216,2023-07-24 08:48:14,220,,,145
Wynter,Kelly Booth,73445,2023-07-24 08:52:54,62,,,
Wynter,Lareina Sheppard,61626,2023-07-24 08:57:56,238,,58,
Wynter,Rahim Buchanan,74991,2023-07-24 09:03:54,24,,,
Wynter,Marsden Stokes,75827,2023-07-24 09:07:18,214,,97,
Wynter,Elizabeth Hanson,79203,2023-07-24 09:14:52,55,,,
Wynter,Ivan Montoya,71085,2023-07-24 09:16:47,168,,138,
Wynter,Griffin Albert,71923,2023-07-24 09:23:35,28,,,
Wynter,Ivy Williamson,73161,2023-07-24 09:25:03,229,,148,
Wynter,Emily Ware,79176,2023-07-24 09:32:52,203,,86,
Wynter,Amery Abbott,72977,2023-07-24 09:37:15,89,,,
Wynter,Harriet Carlson,68367,2023-07-24 09:39:44,245,104,,
Wynter,Kieran Downs,69797,2023-07-24 09:46:49,27,,,
Wynter,Zahir Flynn,73491,2023-07-24 09:50:16,208,,,46
Wynter,Sara Becker,63392,2023-07-24 09:55:44,35,,,
Wynter,Malachi Gentry,69699,2023-07-24 09:58:19,70,,,
Wynter,Gail Allison,73790,2023-07-24 10:03:29,238,182,,
Wynter,Dai House,66135,2023-07-24 10:08:27,163,,,127
Wynter,Lysandra Barnett,63193,2023-07-24 10:14:10,290,,,138
Wynter,Odette Fleming,68624,2023-07-24 10:23:00,287,,129,
Wynter,MacKensie Campbell,65574,2023-07-24 10:30:47,62,,,
Wynter,Daria Beck,66366,2023-07-24 10:33:49,217,,172,
Wynter,Xavier Noble,77311,2023-07-24 10:40:26,28,,,
Wynter,Ira Fry,69813,2023-07-24 10:42:54,187,,157,
Wynter,Rogan Calhoun,72216,2023-07-24 10:47:01,126,,154,
Wynter,Jessamine Elliott,79921,2023-07-24 10:52:07,123,,,47
Wynter,Ursula Burgess,60761,2023-07-24 10:56:10,150,,36,
Wynter,Hasad Carpenter,79628,2023-07-24 11:01:40,48,,,
Wynter,Baker Mcpherson,72934,2023-07-24 11:05:28,183,,175,
Wynter,Fatima Guerra,61313,2023-07-24 11:12:31,25,,,
Wynter,Ruth Clayton,64610,2023-07-24 11:15:56,101,,,
Wynter,Bryar Moore,66095,2023-07-24 11:20:37,208,184,,
Wynter,Guy Randolph,71142,2023-07-24 11:26:05,272,,104,
Wynter,Priscilla Church,70550,2023-07-24 11:32:37,114,,61,
Wynter,Harper French,79813,2023-07-24 11:38:31,51,,,
Wynter,Britanni Osborn,76396,2023-07-24 11:40:22,155,64,,
Wynter,Ian Slater,65754,2023-07-24 11:44:57,298,,77,
Wynter,Denton Mcdowell,66914,2023-07-24 11:53:55,265,,39,
Wynter,Rafael Bennett,76900,2023-07-24 12:01:20,273,163,,
Wynter,Francis Sanford,68083,2023-07-24 12:08:53,240,,180,
Wynter,Naomi Gentry,63343,2023-07-24 12:15:53,262,,,121
Wynter,Otto Melton,72774,2023-07-24 12:24:15,237,,189,
Wynter,Jennifer Robles,74300,2023-07-24 12:30:12,16,,,
Wynter,Nevada Atkinson,78408,2023-07-24 12:34:28,265,132,,
Wynter,India Santos,61759,2023-07-24 12:39:53,184,,121,
Wynter,Cassidy Garner,67418,2023-07-24 12:45:57,215,,110,
Wynter,Illiana Bradford,61990,2023-07-24 12:52:32,161,147,,
Wynter,Macaulay Mendoza,67253,2023-07-24 12:57:13,285,,,198
Wynter,Brenden Hernandez,76588,2023-07-24 13:04:58,274,,,26
Wynter,Ina Benjamin,71016,2023-07-24 13:10:32,46,,,
Wynter,Conan Sexton,77797,2023-07-24 13:13:18,135,,73,
Wynter,Kyra Salazar,73100,2023-07-24 13:18:33,196,118,,
Wynter,Diana Rocha,61662,2023-07-24 13:25:49,225,,105,
Wynter,Quinn Salinas,71295,2023-07-24 13:31:34,273,68,,
Wynter,Eric Workman,72669,2023-07-24 13:39:07,115,,,57
Wynter,Tanner Marks,77710,2023-07-24 13:44:02,183,,31,
Wynter,Bruce Petty,65197,2023-07-24 13:50:05,76,,,
Wynter,Brynne Caldwell,76273,2023-07-24 13:54:21,147,,176,
Wynter,Violet Hester,72259,2023-07-24 13:57:48,192,158,,
Wynter,MacKensie Chambers,74695,2023-07-24 14:03:00,185,,,135
Wynter,Porter Tillman,74044,2023-07-24 14:08:05,286,,52,
Wynter,Bruno Gross,76284,2023-07-24 14:14:51,275,,198,
Wynter,Lillith Pratt,71359,2023-07-24 14:21:26,209,,,198
Wynter,Dexter Cantu,77655,2023-07-24 14:25:55,90,,,
Wynter,Lana Tran,69585,2023-07-24 14:28:25,148,,,98
Wynter,Tate Lowery,64647,2023-07-24 14:31:53,120,,,58
Wynter,Dorothy Fitzgerald,64328,2023-07-24 14:37:53,283,,,92
Wynter,Jason Hyde,76326,2023-07-24 14:45:36,290,,95,
Wynter,Leigh Whitney,75678,2023-07-24 14:51:26,72,,,
Wynter,Fay Mcconnell,61098,2023-07-24 14:56:38,34,,,
Wynter,Buckminster Hester,67967,2023-07-24 14:59:12,186,,169,
Wynter,Ignacia Huber,61485,2023-07-24 15:06:18,281,,39,
Wynter,Jamal Mathews,71123,2023-07-24 15:11:59,141,,,163
Wynter,Drake Franks,75312,2023-07-24 15:16:20,120,,,152
Wynter,Norman Wolfe,76638,2023-07-24 15:20:20,178,,190,
Wynter,Edward Becker,64535,2023-07-24 15:27:18,58,,,
Wynter,Beck Aguilar,79381,2023-07-24 15:31:16,67,,,
Wynter,Idona Randall,63337,2023-07-24 15:34:23,293,,,38
Wynter,Odysseus Keller,70082,2023-07-24 15:40:16,36,,,
Wynter,Talon Duncan,61539,2023-07-24 15:42:52,250,,117,
Wynter,Macey English,71656,2023-07-24 15:48:02,209,,63,
Wynter,Fuller Campos,68233,2023-07-24 15:52:31,71,,,
Wynter,Chantale Mcfadden,78845,2023-07-24 15:54:42,31,,,
Wynter,Yuri Haney,78121,2023-07-25 07:56:13,263,96,,
Wynter,Dominic Velasquez,79826,2023-07-25 08:01:36,102,,,
Wynter,Steel Carney,68197,2023-07-25 08:07:18,184,,,132
Wynter,Kuame Cleveland,67907,2023-07-25 08:13:22,81,,,
Wynter,Daquan Higgins,72138,2023-07-25 08:18:43,126,166,,
Wynter,Jasper Blankenship,78649,2023-07-25 08:23:49,172,101,,
Wynter,Marsden Robinson,75796,2023-07-25 08:27:41,36,,,
Wynter,Catherine Charles,75317,2023-07-25 08:30:17,270,,73,
Wynter,Barry Macias,74085,2023-07-25 08:35:47,262,65,,
Wynter,Kevin Velazquez,76016,2023-07-25 08:41:09,210,191,,
Wynter,Burke Richardson,70348,2023-07-25 08:48:39,244,,145,
Wynter,Melyssa Dillard,78887,2023-07-25 08:55:43,232,,167,
Wynter,Kuame Potter,65907,2023-07-25 09:01:35,88,,,
Wynter,Garrison Mooney,78938,2023-07-25 09:06:03,238,,93,
Wynter,Illiana Richmond,63229,2023-07-25 09:14:01,239,,111,
Wynter,Lucian Avery,67625,2023-07-25 09:22:00,129,,39,
Wynter,Alexander West,61687,2023-07-25 09:27:09,173,81,,
Wynter,Damon Sherman,75041,2023-07-25 09:32:02,167,,,182
Wynter,Macy Roberson,78247,2023-07-25 09:37:49,169,,,91
Wynter,Darius Richmond,78512,2023-07-25 09:42:38,244,,151,
Wynter,Urielle Anthony,60542,2023-07-25 09:48:42,192,,,62
Wynter,Tamara Huffman,62528,2023-07-25 09:52:54,118,,65,
Wynter,Carlos Conway,68467,2023-07-25 09:57:52,32,,,
Wynter,Rylee Blevins,74714,2023-07-25 10:02:24,41,,,
Wynter,Katelyn Ratliff,72344,2023-07-25 10:04:05,236,,40,
Wynter,Shellie Kim,64938,2023-07-25 10:09:01,177,,132,
Wynter,Alyssa Monroe,78185,2023-07-25 10:14:58,293,,169,
Wynter,Barbara Ballard,68956,2023-07-25 10:20:51,148,120,,
Wynter,Jarrod Mejia,61879,2023-07-25 10:26:19,35,,,
Wynter,Ainsley Lambert,70544,2023-07-25 10:29:54,66,,,
Wynter,Liberty Lyons,74846,2023-07-25 10:34:00,242,,31,
Wynter,Julian Kidd,74790,2023-07-25 10:39:02,278,,27,
Wynter,Quon Randolph,78378,2023-07-25 10:45:40,206,128,,
Wynter,Isadora Monroe,74957,2023-07-25 10:50:06,203,,,120
Wynter,Robert Combs,70275,2023-07-25 10:54:29,211,170,,
Wynter,Cairo Rosario,79466,2023-07-25 11:00:00,271,,,48
Wynter,Eric Rhodes,61758,2023-07-25 11:06:31,44,,,
Wynter,Azalia Riley,75744,2023-07-25 11:09:15,223,,,132
Wynter,Nichole Schmidt,77438,2023-07-25 11:16:58,94,,,
Wynter,Judah Carey,65190,2023-07-25 11:20:32,66,,,
Wynter,Moana Bates,68351,2023-07-25 11:25:38,32,,,
Wynter,Keely Johns,64636,2023-07-25 11:28:10,67,,,
Wynter,Adrian Ware,60616,2023-07-25 11:33:17,200,,52,
Wynter,Carson Harrison,76855,2023-07-25 11:37:37,232,,,56
Wynter,Patricia Pruitt,79032,2023-07-25 11:45:29,283,101,,
Wynter,Tanya Meadows,69222,2023-07-25 11:52:12,106,,,178
Wynter,Imani Shelton,64533,2023-07-25 11:57:58,184,,159,
Wynter,Bruce Powers,71026,2023-07-25 12:05:02,212,,,78
Wynter,Elaine Hopper,74393,2023-07-25 12:12:34,213,86,,
Wynter,Amery Camacho,64031,2023-07-25 12:18:07,206,,43,
Wynter,Noble Thomas,76076,2023-07-25 12:23:33,81,,,
Wynter,Abraham Best,72607,2023-07-25 12:27:54,237,,26,
Wynter,Amy Bonner,61363,2023-07-25 12:32:51,211,,,88
Wynter,Yoshio Flowers,67234,2023-07-25 12:39:22,292,,153,
Wynter,Kenneth Rocha,68347,2023-07-25 12:46:14,202,,185,
Wynter,Malik Spence,62132,2023-07-25 12:51:36,174,,,94
Wynter,Lyle Mccarty,79580,2023-07-25 12:57:30,152,,131,
Wynter,Heather Wells,64086,2023-07-25 13:01:02,111,,102,
Wynter,Rebecca Mueller,60154,2023-07-25 13:05:53,121,,91,
Wynter,Jermaine Torres,62287,2023-07-25 13:09:54,130,182,,
Wynter,Mercedes Hughes,69925,2023-07-25 13:16:04,107,,199,
Wynter,August Hudson,60220,2023-07-25 13:21:51,31,,,
Wynter,Malcolm Francis,61553,2023-07-25 13:23:22,94,,,
Wynter,Chandler Dunn,60183,2023-07-25 13:25:56,296,,140,
Wynter,Whoopi Blair,61761,2023-07-25 13:32:52,16,,,
Wynter,Hedda Hyde,69753,2023-07-25 13:35:08,163,145,,
Wynter,Hall Burgess,76937,2023-07-25 13:39:51,295,156,,
Wynter,Ryder Bowen,69933,2023-07-25 13:47:46,97,,,
Wynter,Luke Hoover,69163,2023-07-25 13:51:23,192,57,,
Wynter,Emma Mcfarland,63000,2023-07-25 13:55:35,207,,62,
Wynter,Regina Hancock,77935,2023-07-25 14:01:02,173,,79,
Wynter,Clinton Stanley,69508,2023-07-25 14:04:55,172,,,40
Wynter,Reed Peterson,61007,2023-07-25 14:11:47,236,,,186
Wynter,Myles Armstrong,74775,2023-07-25 14:17:43,240,,,114
Wynter,Ian Murphy,70970,2023-07-25 14:23:43,42,,,
Wynter,May David,67591,2023-07-25 14:27:25,102,,,
Wynter,Eagan Harrell,61647,2023-07-25 14:33:07,25,,,
Wynter,Jermaine Dudley,63691,2023-07-25 14:37:32,217,,130,
Wynter,Doris Chan,60537,2023-07-25 14:44:09,22,,,
Wynter,Malik Case,70122,2023-07-25 14:45:31,64,,,
Wynter,Sylvia Mejia,77163,2023-07-25 14:48:35,122,,154,
Wynter,Hadassah Davis,69907,2023-07-25 14:53:37,210,134,,
Wynter,Nichole Matthews,65620,2023-07-25 14:58:07,228,,198,
Wynter,Zachary Hebert,75518,2023-07-25 15:03:55,102,,,
Wynter,Heidi Newton,73112,2023-07-25 15:08:37,272,,,171
Wynter,Hakeem Lester,72605,2023-07-25 15:15:09,215,,191,
Wynter,Tana Conrad,63593,2023-07-25 15:19:44,175,,91,
Wynter,Kimberly Ryan,79509,2023-07-25 15:24:39,198,,,175
Wynter,Katell Durham,64422,2023-07-25 15:29:57,98,,,
Wynter,Naida Fry,75483,2023-07-25 15:34:35,255,,,136
Wynter,Quon Acosta,70649,2023-07-25 15:39:50,245,,149,
Wynter,Gemma Wiggins,60721,2023-07-25 15:45:55,235,,113,
Wynter,Quynn Alvarado,66047,2023-07-25 15:51:50,121,,183,
Wynter,Keelie Berger,71995,2023-07-26 07:57:51,262,,,96
Wynter,Octavia Robles,66492,2023-07-26 08:04:13,200,111,,
Wynter,Natalie Davis,64802,2023-07-26 08:11:33,78,,,
Wynter,Macon Morales,72470,2023-07-26 08:15:51,267,64,,
Wynter,Rajah Gutierrez,77603,2023-07-26 08:21:18,280,,196,
Wynter,Abdul Turner,63175,2023-07-26 08:28:58,142,,48,
Wynter,Zena Hurley,71220,2023-07-26 08:34:20,232,,155,
Wynter,Levi Goodman,73393,2023-07-26 08:39:12,190,133,,
Wynter,Jordan Harrison,63798,2023-07-26 08:43:22,21,,,
Wynter,Beverly Stevens,70491,2023-07-26 08:47:43,135,,43,
Wynter,Ryan Holloway,67651,2023-07-26 08:51:58,251,,89,
Wynter,Genevieve Anthony,78155,2023-07-26 09:00:09,122,,144,
Wynter,Nissim White,79530,2023-07-26 09:03:11,238,,182,
Wynter,Roary Colon,69718,2023-07-26 09:08:09,246,143,,
Wynter,Cruz Carson,69979,2023-07-26 09:13:15,180,86,,
Wynter,Kirestin Madden,60971,2023-07-26 09:20:15,285,72,,
Wynter,Hall Gallegos,68460,2023-07-26 09:28:00,73,,,
Wynter,Slade Carney,71779,2023-07-26 09:33:13,115,189,,
Wynter,Christine Conrad,61908,2023-07-26 09:38:08,52,,,
Wynter,Jamal Bell,78486,2023-07-26 09:40:00,213,,94,
Wynter,Vance Stark,63679,2023-07-26 09:47:33,138,136,,
Wynter,Sasha Johnston,78228,2023-07-26 09:50:51,160,,121,
Wynter,Olivia Mcintosh,68503,2023-07-26 09:56:31,106,,51,
Wynter,Merritt Chandler,68098,2023-07-26 10:02:17,25,,,
Wynter,Winifred Moss,79104,2023-07-26 10:05:42,255,,,102
Wynter,Gillian Chase,63335,2023-07-26 10:11:57,72,,,
Wynter,Baker Snow,76995,2023-07-26 10:16:09,128,,112,
Wynter,Louis Pearson,61750,2023-07-26 10:22:17,119,,165,
Wynter,Brenda Mcmillan,61348,2023-07-26 10:26:16,203,128,,
Wynter,Vernon Burch,70035,2023-07-26 10:32:39,162,,,152
Wynter,Elvis Mccray,74988,2023-07-26 10:36:21,191,,,37
Wynter,Karen Barrera,77010,2023-07-26 10:42:32,72,,,
Wynter,Perry Bartlett,69902,2023-07-26 10:44:44,91,,,
Wynter,Hope Holland,69550,2023-07-26 10:49:15,39,,,
Wynter,Danielle Haynes,75550,2023-07-26 10:53:54,283,,166,
Wynter,Rajah Fowler,65876,2023-07-26 11:01:37,139,106,,
Wynter,Brianna Cameron,76923,2023-07-26 11:07:56,67,,,
Wynter,Shellie Page,60929,2023-07-26 11:10:03,131,118,,
Wynter,Jenna Riddle,70373,2023-07-26 11:16:14,203,26,,
Wynter,Hector Kelly,60008,2023-07-26 11:20:37,296,,,114
Wynter,Olympia Gardner,78220,2023-07-26 11:27:33,118,,106,
Wynter,Channing Ayers,65480,2023-07-26 11:31:31,147,,183,
Wynter,Mira Sherman,76903,2023-07-26 11:36:58,294,,,45
Wynter,Jessamine Shaffer,64252,2023-07-26 11:43:52,31,,,
Wynter,Halla Rivera,77573,2023-07-26 11:47:23,282,,136,
Wynter,Jordan Atkinson,77216,2023-07-26 11:55:05,254,,159,
Wynter,Ryder Miller,60267,2023-07-26 12:01:19,41,,,
Wynter,Allen Stafford,65638,2023-07-26 12:06:00,231,104,,
Wynter,Uriah Sosa,77111,2023-07-26 12:12:51,140,45,,
Wynter,Zia Mercer,79564,2023-07-26 12:16:11,210,,122,
Wynter,Yoshi Parks,66925,2023-07-26 12:22:41,204,,,75
Wynter,Linda Rodriquez,73336,2023-07-26 12:27:05,61,,,
Wynter,Nehru Roman,74827,2023-07-26 12:29:06,260,62,,
Wynter,Lamar Day,65761,2023-07-26 12:37:26,182,,,83
Wynter,Stephanie Arnold,75160,2023-07-26 12:43:28,53,,,
Wynter,Forrest Brown,70201,2023-07-26 12:47:21,80,,,
Wynter,Cailin Guy,72566,2023-07-26 12:49:41,235,,,44
Wynter,Olympia Dejesus,60441,2023-07-26 12:57:36,285,,,52
Wynter,Tucker Reeves,74014,2023-07-26 13:06:21,226,58,,
Wynter,Kylynn Perez,76562,2023-07-26 13:11:07,114,,,183
Holmes,Suki Shepard,64228,2023-07-23 08:00:00,50,,,
Holmes,Reuben Williams,64892,2023-07-23 08:02:50,168,49,,
Holmes,Nichole Mcknight,63741,2023-07-23 08:07:38,291,146,,
Holmes,Shelby Ramos,75869,2023-07-23 08:15:29,59,,,
Holmes,Cade Rocha,64006,2023-07-23 08:18:28,185,,200,
Holmes,Declan Pruitt,74811,2023-07-23 08:22:33,282,190,,
Holmes,Camille Horne,60424,2023-07-23 08:29:15,212,,,76
Holmes,Sybill Campos,72810,2023-07-23 08:35:47,77,,,
Holmes,Rhonda Sears,61786,2023-07-23 08:39:04,285,,54,
Holmes,Vaughan Schneider,69553,2023-07-23 08:45:49,108,,,107
Holmes,Noble Wilson,61931,2023-07-23 08:48:37,280,,,70
Holmes,Regan Sims,74432,2023-07-23 08:56:17,299,122,,
Holmes,Jamalia Hendricks,64099,2023-07-23 09:05:16,239,122,,
Holmes,Warren Moon,61016,2023-07-23 09:13:15,233,162,,
Holmes,Ulric Bright,71343,2023-07-23 09:20:08,157,,46,
Holmes,Jorden Noble,61321,2023-07-23 09:23:45,107,,129,
Holmes,Rafael Patel,72413,2023-07-23 09:26:32,224,,,196
Holmes,Nelle Montgomery,73398,2023-07-23 09:31:16,31,,,
Holmes,Alden Buchanan,77138,2023-07-23 09:35:47,210,191,,
Holmes,Rhonda Bauer,76278,2023-07-23 09:43:17,216,,,149
Holmes,Herrod Morrison,74707,2023-07-23 09:48:53,257,199,,
Holmes,Hashim Jacobs,62994,2023-07-23 09:56:10,143,134,,
Holmes,Medge Pierce,68861,2023-07-23 10:00:33,222,,76,
Holmes,Jordan Underwood,73396,2023-07-23 10:06:15,32,,,
Holmes,Samson Logan,79188,2023-07-23 10:08:47,213,,151,
Holmes,Chanda Lancaster,75139,2023-07-23 10:14:20,196,,,139
Holmes,Ivana Mclaughlin,75994,2023-07-23 10:21:36,159,,75,
Holmes,Honorato Albert,68356,2023-07-23 10:25:15,172,,77,
Holmes,Kathleen Burton,65326,2023-07-23 10:29:07,183,,123,
Holmes,Chantale Burch,70667,2023-07-23 10:35:10,188,142,,
Holmes,Raphael Huber,61437,2023-07-23 10:39:18,21,,,
Holmes,Leo Wilkins,60953,2023-07-23 10:42:39,177,,101,
Holmes,Kameko Nixon,79860,2023-07-23 10:47:36,113,,39,
Holmes,Madeline O'donnell,70906,2023-07-23 10:50:29,25,,,
Holmes,Sage Leonard,75932,2023-07-23 10:53:54,267,133,,
Holmes,Declan Carr,73959,2023-07-23 10:59:21,93,,,
Holmes,Nayda Merritt,61183,2023-07-23 11:03:54,253,,109,
Holmes,Lilah Knight,68017,2023-07-23 11:11:07,279,55,,
Holmes,Malcolm Hays,68050,2023-07-23 11:19:46,280,,134,
Holmes,Natalie Boyer,60441,2023-07-23 11:27:26,257,,177,
Holmes,Jacob Macdonald,63739,2023-07-23 11:35:43,175,,112,
Holmes,Caesar Burns,75717,2023-07-23 11:39:38,248,,147,
Holmes,Ross Boyer,71944,2023-07-23 11:47:46,108,,144,
Holmes,Jaime Taylor,70038,2023-07-23 11:51:34,171,59,,
Holmes,Shelly Robertson,79073,2023-07-23 11:56:25,187,,,124
Holmes,Whilemina Edwards,65881,2023-07-23 12:00:32,286,61,,
Holmes,Audrey Coleman,78865,2023-07-23 12:06:18,96,,,
Holmes,Ramona Juarez,67106,2023-07-23 12:10:54,186,,99,
Holmes,Mary Grant,72534,2023-07-23 12:16:00,282,,188,
Holmes,Imani Kirkland,70199,2023-07-23 12:24:42,196,75,,
Holmes,Zachery Zamora,70767,2023-07-23 12:28:58,123,,56,
Holmes,Austin Witt,68595,2023-07-23 12:32:01,211,,152,
Holmes,Logan Dillard,76608,2023-07-23 12:38:32,15,,,
Holmes,Emi Carson,69645,2023-07-23 12:39:47,70,,,
Holmes,Lana Velasquez,78798,2023-07-23 12:42:57,97,,,
Holmes,Levi Jackson,74632,2023-07-23 12:45:34,286,,64,
Holmes,Lewis Cox,76127,2023-07-23 12:54:20,223,,148,
Holmes,Lionel Schwartz,69126,2023-07-23 13:02:03,65,,,
Holmes,Vanna Maynard,63110,2023-07-23 13:06:08,48,,,
Holmes,Adena Valentine,69983,2023-07-23 13:10:56,89,,,
Holmes,Abbot Sutton,74873,2023-07-23 13:16:25,268,,33,
Holmes,Philip Nicholson,76476,2023-07-23 13:22:53,286,,141,
Holmes,Daria Farrell,61150,2023-07-23 13:28:39,280,70,,
Holmes,Warren Hawkins,72568,2023-07-23 13:35:19,141,,154,
Holmes,Summer Orr,62402,2023-07-23 13:39:40,73,,,
Holmes,Cameron Kline,61285,2023-07-23 13:41:53,295,,175,
Holmes,Keith Mclean,69048,2023-07-23 13:50:48,159,96,,
Holmes,Kiona Middleton,61984,2023-07-23 13:55:27,237,,81,
Holmes,Hamilton Shields,64482,2023-07-23 14:03:24,211,,147,
Holmes,Alden Horn,73194,2023-07-23 14:08:55,240,,,83
Holmes,Brenden Mcguire,67029,2023-07-23 14:14:55,247,157,,
Holmes,Yen Stokes,67750,2023-07-23 14:22:02,29,,,
Holmes,Talon Watts,62419,2023-07-23 14:26:31,147,,164,
Holmes,Quintessa Cardenas,67003,2023-07-23 14:30:58,199,,,27
Holmes,Solomon Barr,67651,2023-07-23 14:37:17,143,,186,
Holmes,Clio Clemons,70534,2023-07-23 14:41:40,30,,,
Holmes,Jeremy Hernandez,74793,2023-07-23 14:45:10,166,,50,
Holmes,Fleur Flores,68863,2023-07-23 14:49:56,239,43,,
Holmes,Keane Maldonado,64165,2023-07-23 14:55:55,199,,,146
Holmes,Murphy Mullins,62417,2023-07-23 15:02:14,295,,,71
Holmes,Scarlet Harper,71946,2023-07-23 15:11:09,89,,,
Holmes,Cheyenne Mooney,72639,2023-07-23 15:14:38,99,,,
Holmes,Oren Shaw,62282,2023-07-23 15:19:17,219,86,,
Holmes,Ramona Ware,75090,2023-07-23 15:26:56,231,,72,
Holmes,Cameran Schmidt,74999,2023-07-23 15:34:47,88,,,
Holmes,Cally Camacho,62380,2023-07-23 15:40:15,235,,175,
Holmes,Graiden Parrish,61798,2023-07-23 15:48:10,93,,,
Holmes,Jakeem Moreno,71896,2023-07-23 15:51:43,201,,,44
Holmes,Yen Dominguez,79819,2023-07-24 07:57:04,54,,,
Holmes,Wesley Holt,62436,2023-07-24 08:01:58,87,,,
Holmes,Jonah Morales,62211,2023-07-24 08:07:25,194,,,68
Holmes,Wyatt O'Neill,64333,2023-07-24 08:14:39,88,,,
Holmes,Ursula Campbell,63479,2023-07-24 08:19:07,107,,127,
Holmes,Lois Cantu,62084,2023-07-24 08:22:54,226,,,102
Holmes,Jacob Carroll,63571,2023-07-24 08:27:40,235,200,,
Holmes,Madison Bauer,75816,2023-07-24 08:32:35,247,,136,
Holmes,Kylan Sloan,67139,2023-07-24 08:40:42,214,,,92
Holmes,Eaton Casey,71486,2023-07-24 08:46:16,84,,,
Holmes,Elvis Nicholson,68434,2023-07-24 08:51:40,183,123,,
Holmes,Rama Pratt,77278,2023-07-24 08:55:43,174,,181,
Holmes,Declan Webb,74710,2023-07-24 09:00:37,186,,146,
Holmes,Urielle Frank,64450,2023-07-24 09:05:43,160,,181,
Holmes,Eagan English,62406,2023-07-24 09:11:23,37,,,
Holmes,Lamar Mckenzie,60050,2023-07-24 09:14:00,26,,,
Holmes,Jeanette Wooten,69355,2023-07-24 09:15:26,90,,,
Holmes,Blake Hendricks,71001,2023-07-24 09:17:56,297,,67,
Holmes,TaShya George,79336,2023-07-24 09:24:53,64,,,
Holmes,Armando Levy,76356,2023-07-24 09:28:57,28,,,
Holmes,John Harrell,74049,2023-07-24 09:31:25,71,,,
Holmes,Adara Haney,70552,2023-07-24 09:36:36,265,,,54
Holmes,Kaseem Gilbert,62365,2023-07-24 09:43:01,193,,65,
Holmes,Jameson Lancaster,75748,2023-07-24 09:47:14,187,119,,
Holmes,Blake Stuart,63551,2023-07-24 09:52:21,296,,61,
Holmes,Karina Rivas,69412,2023-07-24 09:58:17,275,127,,
Holmes,Claire Mueller,69137,2023-07-24 10:06:52,270,,90,
Holmes,Eric Henry,79257,2023-07-24 10:13:22,290,,80,
Holmes,Wallace Guzman,79954,2023-07-24 10:20:12,44,,,
Holmes,Keaton Pratt,73044,2023-07-24 10:21:56,76,,,
Holmes,Garrison Eaton,65481,2023-07-24 10:24:12,220,,91,
Holmes,Mary Sears,63338,2023-07-24 10:28:52,143,,,55
Holmes,Illana Vega,67423,2023-07-24 10:35:15,231,156,,
Holmes,Bryar Shaffer,64616,2023-07-24 10:40:06,119,,,128
Holmes,Rhoda Berg,68127,2023-07-24 10:45:05,118,,141,
Holmes,Harriet Curtis,68897,2023-07-24 10:48:03,277,,147,
Holmes,Margaret Justice,78208,2023-07-24 10:53:40,139,,,66
Holmes,Leah Dean,65769,2023-07-24 10:58:59,237,,140,
Holmes,Raven Downs,65421,2023-07-24 11:04:56,298,32,,
Holmes,Maggy Morton,66162,2023-07-24 11:11:54,223,,196,
Holmes,Fredericka Rollins,68437,2023-07-24 11:19:37,270,,64,
Holmes,Brandon Lewis,64921,2023-07-24 11:28:07,239,,41,
Holmes,Hoyt Roth,79658,2023-07-24 11:33:06,38,,,
Holmes,Holly Paul,69517,2023-07-24 11:34:44,193,146,,
Holmes,Kamal Hall,63676,2023-07-24 11:39:57,53,,,
Holmes,Brittany Chase,72696,2023-07-24 11:44:50,33,,,
Holmes,Travis Gibson,65374,2023-07-24 11:48:23,100,,,
Holmes,Reagan Buckner,79603,2023-07-24 11:54:03,196,,92,
Holmes,Jesse Buchanan,72505,2023-07-24 12:01:19,295,35,,
Holmes,Robin Hayes,75856,2023-07-24 12:10:14,217,85,,
Holmes,Dawn Hardy,71695,2023-07-24 12:16:51,120,,,171
Holmes,Emily Suarez,64081,2023-07-24 12:21:51,165,,109,
Holmes,Ursula Ruiz,76945,2023-07-24 12:28:36,253,,170,
Holmes,Phillip Martinez,64558,2023-07-24 12:36:49,117,189,,
Holmes,Dora Hewitt,77521,2023-07-24 12:41:46,287,,41,
Holmes,Orli Cummings,70070,2023-07-24 12:48:33,189,,44,
Holmes,Minerva Gordon,66758,2023-07-24 12:52:42,151,,148,
Holmes,Tate West,75509,2023-07-24 12:56:13,198,,,123
Holmes,Lamar Sloan,69948,2023-07-24 13:02:31,55,,,
Holmes,Mallory Snyder,74089,2023-07-24 13:05:26,113,,,49
Holmes,Martina Stafford,67445,2023-07-24 13:09:19,108,,186,
Holmes,Cailin Morin,77151,2023-07-24 13:15:07,290,,,109
Holmes,Zenia Hanson,71018,2023-07-24 13:20:57,63,,,
Holmes,Mia Martin,69447,2023-07-24 13:24:00,57,,,
Holmes,Josiah Mcneil,70419,2023-07-24 13:28:57,49,,,
Holmes,Rafael White,69345,2023-07-24 13:30:46,66,,,
Holmes,Pearl Suarez,76161,2023-07-24 13:34:52,298,,107,
Holmes,Martin Garza,70403,2023-07-24 13:42:50,274,,110,
Holmes,Forrest Johnson,64438,2023-07-24 13:50:24,250,,,44
Holmes,Kelsey Gaines,68613,2023-07-24 13:57:34,280,,,26
Holmes,Sebastian Townsend,60903,2023-07-24 14:04:14,69,,,
Holmes,Merritt Munoz,62637,2023-07-24 14:06:23,286,172,,
Holmes,Aladdin Hester,60736,2023-07-24 14:15:09,271,,165,
Holmes,Madonna Gould,77605,2023-07-24 14:22:40,290,,65,
Holmes,William Hines,68510,2023-07-24 14:29:30,204,,141,
Holmes,Germaine Lewis,72738,2023-07-24 14:33:54,164,,,55
Holmes,Jaquelyn Greene,63972,2023-07-24 14:39:38,177,,137,
Holmes,Benedict Donaldson,66981,2023-07-24 14:45:35,234,,,50
Holmes,Dolan Espinoza,64154,2023-07-24 14:53:29,146,,143,
Holmes,Brenden Snow,78193,2023-07-24 14:58:55,267,,168,
Holmes,Kirsten Figueroa,65525,2023-07-24 15:04:22,246,,,151
Holmes,Todd Benson,71899,2023-07-24 15:11:28,264,154,,
Holmes,Ishmael Huff,66012,2023-07-24 15:17:52,98,,,
Holmes,Ferris Cline,70781,2023-07-24 15:23:30,263,,,71
Holmes,Kaseem Myers,79305,2023-07-24 15:31:53,195,,36,
Holmes,Adrienne Valenzuela,65399,2023-07-24 15:36:08,108,,163,
Holmes,Amal Burgess,63010,2023-07-24 15:38:56,62,,,
Holmes,Hiroko Lynch,79321,2023-07-24 15:42:58,43,,,
Holmes,Flynn Castillo,75737,2023-07-24 15:46:41,70,,,
Holmes,Kaseem Arnold,60415,2023-07-24 15:48:51,267,,,70
Holmes,Petra Webster,69215,2023-07-25 07:56:18,218,,68,
Holmes,Anastasia Phillips,65145,2023-07-25 08:00:56,16,,,
Holmes,Lawrence Robinson,78012,2023-07-25 08:04:12,225,,,62
Holmes,Tate Bowen,61390,2023-07-25 08:08:57,134,129,,
Holmes,Erin Hall,72606,2023-07-25 08:15:11,214,124,,
Holmes,Althea Lang,77116,2023-07-25 08:20:45,195,65,,
Holmes,Maite Richmond,69260,2023-07-25 08:26:00,43,,,
Holmes,Ian Jacobs,68320,2023-07-25 08:30:43,97,,,
Holmes,Erica Brennan,71327,2023-07-25 08:36:20,234,,125,
Holmes,Jane Green,68796,2023-07-25 08:42:14,83,,,
Holmes,Caldwell Hines,64467,2023-07-25 08:47:37,63,,,
Holmes,Christian Rogers,72385,2023-07-25 08:52:40,62,,,
Holmes,Aspen Carroll,62035,2023-07-25 08:54:42,64,,,
Holmes,Heidi Glass,78920,2023-07-25 08:56:46,296,,90,
Holmes,Lenore Flores,77915,2023-07-25 09:02:42,80,,,
Holmes,Hermione Reyes,67080,2023-07-25 09:08:02,269,38,,
Holmes,Hollee Holmes,75267,2023-07-25 09:15:31,210,,27,
Holmes,Renee Owen,65438,2023-07-25 09:23:01,29,,,
Holmes,Anthony Rodriquez,78596,2023-07-25 09:25:30,182,,53,
Holmes,Giselle Weaver,71823,2023-07-25 09:30:32,256,113,,
Holmes,Tiger Flores,76785,2023-07-25 09:35:48,298,,131,
Holmes,Ella Conner,63032,2023-07-25 09:44:46,45,,,
Holmes,Allegra Hancock,72434,2023-07-25 09:48:31,285,,95,
Holmes,Karyn Buckley,77362,2023-07-25 09:56:16,15,,,
Holmes,Halla Keith,79472,2023-07-25 09:59:31,196,45,,
Holmes,Katelyn Hartman,71593,2023-07-25 10:04:47,280,191,,
Holmes,Warren Vega,62128,2023-07-25 10:10:27,255,,172,
Holmes,Virginia Collier,71567,2023-07-25 10:15:42,61,,,
Holmes,Cruz Duke,73226,2023-07-25 10:18:43,193,,122,
Holmes,Macey West,69244,2023-07-25 10:22:56,261,,92,
Holmes,Arsenio Acosta,78784,2023-07-25 10:29:17,260,,42,
Holmes,Raymond Hunt,60807,2023-07-25 10:35:37,34,,,
Holmes,Keith Acosta,67515,2023-07-25 10:38:11,137,,,179
Holmes,Hayes Santiago,69701,2023-07-25 10:42:28,103,,,
Holmes,Clarke Wagner,62993,2023-07-25 10:47:11,21,,,
Holmes,Samantha Roach,76957,2023-07-25 10:48:32,228,,,144
Holmes,Kasper Melton,75127,2023-07-25 10:55:20,24,,,
Holmes,Meghan Blevins,70589,2023-07-25 10:59:44,286,136,,
Holmes,Conan Baker,60580,2023-07-25 11:06:30,168,,72,
Holmes,Beau Mayo,69363,2023-07-25 11:13:18,59,,,
Holmes,Hiram Nicholson,64877,2023-07-25 11:17:17,190,,,116
Holmes,Suki Calderon,76359,2023-07-25 11:22:27,54,,,
Holmes,Molly Richmond,77980,2023-07-25 11:26:21,168,,172,
Holmes,Selma Olson,63091,2023-07-25 11:32:09,16,,,
Holmes,Owen Carney,73920,2023-07-25 11:33:25,33,,,
Holmes,Kibo Kelley,65331,2023-07-25 11:35:58,195,,171,
Holmes,Idola Cash,74579,2023-07-25 11:40:13,44,,,
Holmes,Boris Villarreal,73245,2023-07-25 11:43:57,18,,,
Holmes,Anthony Beach,63133,2023-07-25 11:46:15,70,,,
Holmes,Sharon Sandoval,76266,2023-07-25 11:50:25,96,,,
Holmes,Jordan Rowe,76650,2023-07-25 11:54:01,190,146,,
Holmes,Willow Gonzales,63018,2023-07-25 11:58:11,142,,,92
Holmes,Melissa Fletcher,69724,2023-07-25 12:01:33,100,,,
Holmes,Whitney Lynch,76899,2023-07-25 12:06:13,273,,,156
Holmes,Cruz Greer,63013,2023-07-25 12:13:46,122,,76,
Holmes,Leilani Little,74630,2023-07-25 12:17:48,253,,33,
Holmes,Garth Duncan,70696,2023-07-25 12:25:01,58,,,
Holmes,Wynne Snider,64065,2023-07-25 12:28:59,227,104,,
Holmes,Brody Meyers,62412,2023-07-25 12:35:46,102,,,
Holmes,Keefe Flores,65893,2023-07-25 12:39:28,271,,196,
Holmes,Bevis Mckinney,78383,2023-07-25 12:46:59,75,,,
Holmes,Inez Holder,67541,2023-07-25 12:51:14,15,,,
Holmes,Wallace Burt,72617,2023-07-25 12:55:29,150,,,93
Holmes,Kieran Martin,77173,2023-07-25 13:01:59,278,,,78
Holmes,Leo Hudson,62938,2023-07-25 13:07:37,34,,,
Holmes,Daniel James,73284,2023-07-25 13:10:11,147,91,,
Holmes,Shad Hutchinson,78000,2023-07-25 13:14:38,83,,,
Holmes,Dai Erickson,65283,2023-07-25 13:17:01,257,,,38
Holmes,Rhonda Mcknight,76132,2023-07-25 13:22:18,225,,180,
Holmes,Ursa Valenzuela,74970,2023-07-25 13:27:03,222,,66,
Holmes,Jordan Frost,64863,2023-07-25 13:32:45,188,,83,
Holmes,Sydnee Pope,72293,2023-07-25 13:36:53,161,73,,
Holmes,Fuller Murray,72539,2023-07-25 13:43:34,121,,33,
Holmes,Lance Atkinson,77715,2023-07-25 13:48:35,56,,,
Holmes,Dorian Todd,63218,2023-07-25 13:50:31,291,,,167
Holmes,James Manning,66030,2023-07-25 13:57:22,233,,112,
Holmes,Quemby Mclean,73150,2023-07-25 14:04:15,188,,185,
Holmes,Claire Mcneil,62131,2023-07-25 14:09:23,132,,107,
Holmes,Wyoming Drake,78665,2023-07-25 14:15:35,253,,191,
Holmes,Paula Lowery,60413,2023-07-25 14:22:48,120,,,122
Holmes,Ethan Wright,67152,2023-07-25 14:27:48,172,,89,
Holmes,Eagan Strickland,65330,2023-07-25 14:33:40,172,,,106
Holmes,Virginia Welch,64869,2023-07-25 14:37:32,206,,145,
Holmes,Brent Wooten,76729,2023-07-25 14:41:58,108,,,66
Holmes,Colleen Tate,72510,2023-07-25 14:47:46,112,,141,
Holmes,Bree Schroeder,60780,2023-07-25 14:53:38,208,,43,
Holmes,Rina Lynn,72187,2023-07-25 14:58:06,226,,105,
Holmes,Marshall Lee,64639,2023-07-25 15:03:52,94,,,
Holmes,Aphrodite Huffman,63031,2023-07-25 15:08:26,190,,148,
Holmes,Allistair Graham,64983,2023-07-25 15:13:36,246,,160,
Holmes,Axel Ross,73202,2023-07-25 15:18:42,245,,,115
Holmes,Laurel Barnett,69079,2023-07-25 15:26:47,115,150,,
Holmes,Tyrone Hood,67694,2023-07-25 15:30:42,186,176,,
Holmes,Porter Morin,73370,2023-07-25 15:37:48,56,,,
Holmes,Cruz Blevins,60717,2023-07-25 15:40:44,18,,,
Holmes,Camilla Anthony,62344,2023-07-25 15:44:02,227,,73,
Holmes,William Hinton,78605,2023-07-25 15:49:49,289,,144,
Holmes,Paloma Riley,60576,2023-07-26 07:57:38,113,,105,
Holmes,Dustin Waller,72040,2023-07-26 08:02:31,72,,,
Holmes,Ignacia Patton,77507,2023-07-26 08:05:43,136,,,76
Holmes,Cassidy Barrera,65656,2023-07-26 08:11:59,23,,,
Holmes,Kai Shannon,73397,2023-07-26 08:15:22,254,,103,
Holmes,Cameron Burnett,61124,2023-07-26 08:20:36,161,88,,
Holmes,Ulric King,79667,2023-07-26 08:24:17,291,,37,
Holmes,Conan Sparks,77130,2023-07-26 08:33:08,139,,140,
Holmes,Orson Bruce,72803,2023-07-26 08:39:27,57,,,
Holmes,Madeson Allison,79752,2023-07-26 08:44:24,124,93,,
Holmes,Trevor Mclean,72749,2023-07-26 08:49:28,199,,52,
Holmes,Hadley Rivers,63609,2023-07-26 08:55:47,200,,,184
Holmes,Knox Reed,74060,2023-07-26 09:01:07,238,,,147
Holmes,Brandon Booth,67525,2023-07-26 09:06:05,74,,,
Holmes,April Herrera,60308,2023-07-26 09:11:19,190,178,,
Holmes,Lance Jacobs,74911,2023-07-26 09:18:29,196,198,,
Holmes,Grace Olson,62301,2023-07-26 09:22:45,29,,,
Holmes,Signe Carney,71067,2023-07-26 09:27:14,68,,,
Holmes,Ignacia Franco,78424,2023-07-26 09:30:22,98,,,
Holmes,Theodore Macias,77422,2023-07-26 09:35:00,75,,,
Holmes,Flavia Floyd,75184,2023-07-26 09:37:15,192,29,,
Holmes,Constance Dyer,68089,2023-07-26 09:41:27,196,169,,
Holmes,Francis Brady,75411,2023-07-26 09:47:43,95,,,
Holmes,Patrick Mcneil,65269,2023-07-26 09:52:18,188,,,136
Holmes,Berk Dickson,61327,2023-07-26 09:57:26,251,,56,
Holmes,Phillip Cameron,74558,2023-07-26 10:02:37,286,,,116
Holmes,Levi Cobb,65552,2023-07-26 10:10:23,85,,,
Holmes,Keegan Watts,76473,2023-07-26 10:15:48,239,193,,
Holmes,Xena Riddle,67323,2023-07-26 10:20:47,101,,,
Holmes,Damian Heath,74048,2023-07-26 10:23:28,188,,43,
Holmes,Haley Juarez,75551,2023-07-26 10:29:36,180,,36,
Holmes,Daria Steele,69886,2023-07-26 10:33:36,92,,,
Holmes,Hop Navarro,74560,2023-07-26 10:39:08,142,137,,
Holmes,Justina Mccarty,61221,2023-07-26 10:42:30,153,87,,
Holmes,Hall Mcfarland,73065,2023-07-26 10:46:03,195,,60,
Holmes,Maia Fox,74077,2023-07-26 10:50:18,245,,,175
Holmes,Cole Waters,69708,2023-07-26 10:55:23,79,,,
Holmes,Cleo Franklin,74010,2023-07-26 10:58:42,37,,,
Holmes,Sydney Sanford,61594,2023-07-26 11:03:19,104,,,
Holmes,Adena Jennings,64528,2023-07-26 11:06:03,286,110,,
Holmes,Camilla Guthrie,79894,2023-07-26 11:11:49,271,31,,
Holmes,Gretchen Tyler,69057,2023-07-26 11:18:20,126,,167,
Holmes,Uta Shaffer,67558,2023-07-26 11:24:26,230,,187,
Holmes,Joshua Bernard,61636,2023-07-26 11:32:16,291,62,,
Holmes,Barry Ballard,72045,2023-07-26 11:40:07,215,,124,
Holmes,Bell Blevins,67798,2023-07-26 11:44:42,105,,62,
Holmes,Joelle Edwards,74273,2023-07-26 11:50:27,138,124,,
Holmes,Forrest Waller,79051,2023-07-26 11:56:45,235,,187,
Holmes,Miriam Manning,76349,2023-07-26 12:02:40,203,168,,
Holmes,Anika Mcfadden,63237,2023-07-26 12:10:03,235,197,,
Holmes,Skyler Reese,70658,2023-07-26 12:15:58,24,,,
Holmes,Pandora Leon,70944,2023-07-26 12:17:22,127,,105,
Holmes,Chanda Castaneda,71007,2023-07-26 12:20:29,229,,131,
Holmes,Cally Osborne,68447,2023-07-26 12:26:18,155,,,93
Holmes,Zena Henderson,71681,2023-07-26 12:29:53,144,,,30
Holmes,Doris Davidson,63813,2023-07-26 12:33:17,261,91,,
Holmes,Barry Holman,65146,2023-07-26 12:40:38,153,,35,
Holmes,Wade Winters,69425,2023-07-26 12:47:11,36,,,
Holmes,Halla Parker,64407,2023-07-26 12:50:47,198,135,,
Holmes,Vincent Mclean,69546,2023-07-26 12:56:05,168,127,,
Holmes,Brendan Stein,64539,2023-07-26 13:00:53,281,,,76
Holmes,Kibo Hyde,70757,2023-07-26 13:07:34,77,,,
Holmes,Roth Fletcher,66303,2023-07-26 13:11:51,158,,35,
Holmes,Jane Grant,67414,2023-07-26 13:18:29,182,,,110
Holmes,Macy Bowman,73539,2023-07-26 13:24:31,187,,149,
Holmes,Thane Lloyd,60422,2023-07-26 13:29:38,251,,145,
Holmes,Adara Carney,66488,2023-07-26 13:34:49,131,,34,
Holmes,Stephanie Byers,71862,2023-07-26 13:41:00,129,166,,
Holmes,Maggy Olson,64805,2023-07-26 13:46:09,140,143,,
Holmes,Rudyard Finch,68430,2023-07-26 13:52:29,179,,167,
Holmes,Emerson Guy,70302,2023-07-26 13:57:28,26,,,
Holmes,Tucker Acosta,75594,2023-07-26 14:00:54,299,69,,
